frame,class_id,x_center,y_center,width,height
clip_four_mp4-0000_jpg.rf.8501c3b4c4a64e2d9fc7428002764b6b,0,0.666729,0.198324,0.0139859,0.0273862
clip_four_mp4-0002_jpg.rf.eff0a462dfa5ac427272d5cc5c157e1d,0,0.663583,0.186564,0.0124825,0.0219925
clip_four_mp4-0005_jpg.rf.eba58511bf6a2b4507bc8b9c28b6db35,0,0.660686,0.175565,0.0119158,0.0223019
clip_four_mp4-0006_jpg.rf.9a608183e136e0c3bde77eecfe848608,0,0.658939,0.169916,0.0106356,0.0210357
clip_four_mp4-0008_jpg.rf.a3d7f57780e92fa1e1b528288e29f272,0,0.658327,0.164754,0.0112656,0.0218912
clip_four_mp4-0009_jpg.rf.10d39a7299970d6ccb4145c8ff499466,0,0.657483,0.160903,0.0123007,0.0231143
clip_four_mp4-0010_jpg.rf.9ed1775b6a001e96b60a374786ad5056,0,0.655877,0.158064,0.010791,0.0214867
clip_four_mp4-0011_jpg.rf.73792d7418939a5b1e1d5aca55d568a9,0,0.65499,0.154629,0.010265,0.0208944
clip_four_mp4-0012_jpg.rf.635f7bcb28393ae2b7a67563cff307ad,0,0.653169,0.150886,0.0097332,0.0188847
clip_four_mp4-0014_jpg.rf.78febc11d1576f492c3f3706b324993a,0,0.652575,0.149695,0.0111505,0.0209504
clip_four_mp4-0015_jpg.rf.5439f7aa49492bb5c646aa6a749fffe6,0,0.652257,0.147528,0.011425,0.0217875
clip_four_mp4-0016_jpg.rf.f192457a81b90f5446680a0152cb363f,0,0.651377,0.145243,0.0119237,0.02238
clip_four_mp4-0022_jpg.rf.70451b732f48ba102bf7b8d22e3ecdbf,0,0.647752,0.137245,0.0106134,0.0187965
clip_four_mp4-0023_jpg.rf.4b45c42bff1aaf76f29fbed912ef32f4,0,0.647788,0.137829,0.0109936,0.0199765
clip_four_mp4-0024_jpg.rf.679ede93e56cfbfe7306f38e7720d7eb,0,0.648044,0.13997,0.0115167,0.021208
clip_four_mp4-0024_jpg.rf.679ede93e56cfbfe7306f38e7720d7eb,0,0.923055,0.351054,0.0160568,0.0349044
clip_four_mp4-0026_jpg.rf.e371550f89ecce6f639dfef198a9e7ba,0,0.647578,0.140714,0.011079,0.0209002
clip_four_mp4-0026_jpg.rf.e371550f89ecce6f639dfef198a9e7ba,0,0.924475,0.352628,0.0162907,0.0321116
clip_four_mp4-0027_jpg.rf.b149d9f752a3292499fbead2b5e5eeb3,0,0.646954,0.141361,0.0103127,0.0198803
clip_four_mp4-0027_jpg.rf.b149d9f752a3292499fbead2b5e5eeb3,0,0.926103,0.352756,0.0163612,0.0329445
clip_four_mp4-0028_jpg.rf.76d9c79301c258a8a01d12d044f2e6d6,0,0.647159,0.143033,0.0099268,0.0193069
clip_four_mp4-0028_jpg.rf.76d9c79301c258a8a01d12d044f2e6d6,0,0.930224,0.352788,0.0151772,0.0301245
clip_four_mp4-0029_jpg.rf.1102307296b8c93d4c3ec26c4292a64d,0,0.647478,0.145181,0.0104525,0.0202674
clip_four_mp4-0029_jpg.rf.1102307296b8c93d4c3ec26c4292a64d,0,0.932232,0.352262,0.0137304,0.0303416
clip_four_mp4-0030_jpg.rf.878cdd1b5e0f53f93c3f2702607b6a92,0,0.647052,0.147946,0.0107896,0.0196064
clip_four_mp4-0030_jpg.rf.878cdd1b5e0f53f93c3f2702607b6a92,0,0.934449,0.352522,0.0137068,0.0295047
clip_four_mp4-0033_jpg.rf.833c6006f6de6d0b638f49340f7b2027,0,0.647697,0.152935,0.0113839,0.021337
clip_four_mp4-0034_jpg.rf.ab144799e55fc677adb8fe15b3ba7858,0,0.647856,0.15592,0.0105615,0.0204875
clip_four_mp4-0034_jpg.rf.ab144799e55fc677adb8fe15b3ba7858,0,0.942183,0.354739,0.0121475,0.0262228
clip_four_mp4-0035_jpg.rf.e6717e235f3016ff554c95b9861ec15b,0,0.648416,0.159264,0.0112572,0.0208468
clip_four_mp4-0035_jpg.rf.e6717e235f3016ff554c95b9861ec15b,0,0.944489,0.35586,0.0120415,0.0262635
clip_four_mp4-0036_jpg.rf.7d00966332c04a4f6ab5ee2ec73e34dd,0,0.648318,0.16249,0.0108825,0.01891
clip_four_mp4-0036_jpg.rf.7d00966332c04a4f6ab5ee2ec73e34dd,0,0.947312,0.356266,0.012336,0.0255832
clip_four_mp4-0038_jpg.rf.44671fa95e7d0403b53dc92efde162da,0,0.948982,0.357397,0.0142994,0.0289837
clip_four_mp4-0039_jpg.rf.7f54114cea3b237bca631e07ab8aeb51,0,0.648771,0.172953,0.0113518,0.0196411
clip_four_mp4-0041_jpg.rf.1c49f33ca082e93d4713ce65466daf98,0,0.651267,0.182593,0.011994,0.0208095
clip_four_mp4-0041_jpg.rf.1c49f33ca082e93d4713ce65466daf98,0,0.959013,0.35873,0.0107542,0.0215898
clip_four_mp4-0042_jpg.rf.7019fb78579633144222f497a762db4d,0,0.652008,0.188754,0.0107008,0.0190743
clip_four_mp4-0044_jpg.rf.3947def268206f58cbd9f59cd96f9fd6,0,0.652117,0.19313,0.0102968,0.0194469
clip_four_mp4-0045_jpg.rf.ef7b735f0d2f4997d4cba3ade4593e4d,0,0.653022,0.198171,0.00968504,0.0178928
clip_four_mp4-0046_jpg.rf.71be54fd46732a8e031b84421a39ed2f,0,0.652948,0.203831,0.00973015,0.0189732
clip_four_mp4-0047_jpg.rf.291f5fc504337e37cc13aa077dbebf92,0,0.653028,0.210197,0.0105762,0.0194864
clip_four_mp4-0048_jpg.rf.ac45b21904755b75808197e3fc5c55ae,0,0.653005,0.216759,0.00990038,0.0203871
clip_four_mp4-0050_jpg.rf.e486d807e037fb3c15f41d6d622618c0,0,0.65281,0.224475,0.010821,0.0196548
clip_four_mp4-0051_jpg.rf.5de3d08cf38ec249d4d63ced6c1dbf76,0,0.652728,0.231071,0.00953407,0.0195626
clip_four_mp4-0063_jpg.rf.9a09496180af2993702202f94a067dfb,0,0.555669,0.319848,0.0109575,0.0222634
clip_four_mp4-0064_jpg.rf.6a6b9ca9d259d1fa3255da6b3bbbed4d,0,0.548867,0.327669,0.0114338,0.0189349
clip_four_mp4-0065_jpg.rf.d493c56b1c4026100159ecab22af04eb,0,0.543082,0.330626,0.0115229,0.0235242
clip_four_mp4-0066_jpg.rf.fe123dece5953b2ca97cd8f70835fc5e,0,0.535815,0.336401,0.0130051,0.0248104
clip_four_mp4-0068_jpg.rf.a60984ba06df5b3b00262e456defc988,0,0.52821,0.34273,0.0126056,0.0242254
clip_four_mp4-0070_jpg.rf.57419b2ac3d11ea03a759e434216558e,0,0.514217,0.356371,0.0140872,0.0254947
clip_four_mp4-0081_jpg.rf.f72787eb1952a5096b2516a5d65c7797,0,0.442899,0.44785,0.0114532,0.0238529
clip_four_mp4-0082_jpg.rf.9d5697c5a6c7d868658d6b18400c4dba,0,0.434776,0.461869,0.0112927,0.0203659
clip_four_mp4-0088_jpg.rf.b5caa1a17e0461a34f2e3e6cf6da850f,0,0.417153,0.436794,0.0112417,0.0236149
clip_four_mp4-0093_jpg.rf.fa9fcd38b6f63c884074585b5bb02d54,0,0.409935,0.388084,0.0143455,0.0297279
clip_four_mp4-0094_jpg.rf.0e240967575098cc2982fe85c3b28f39,0,0.403728,0.374372,0.0124089,0.0229234
clip_four_mp4-0095_jpg.rf.5c7e12d75fcdaa008a8eda7982a0d101,0,0.40311,0.367002,0.0129288,0.0270628
clip_four_mp4-0096_jpg.rf.8cc8a3d10aeb3aa9019ed6862c7de401,0,0.402087,0.358033,0.0124885,0.0242236
clip_four_mp4-0099_jpg.rf.da732956fc2ea7067105fcbf2f6c3b09,0,0.39668,0.335685,0.0103528,0.0187902
clip_four_mp4-0104_jpg.rf.5edad4bcbe05ad5eb247b12d52dc2b93,0,0.38606,0.30299,0.0115623,0.02075
clip_four_mp4-0105_jpg.rf.8c5a6dfbc73ecf2bda5763a6ce4b88dc,0,0.383606,0.298204,0.0120888,0.0225036
clip_four_mp4-0106_jpg.rf.85eb78425c53a8676ef38762e7cf70fe,0,0.381824,0.292456,0.0130148,0.0264332
clip_four_mp4-0107_jpg.rf.d078f47d166517f76064560ec8e8805d,0,0.379657,0.286471,0.0131068,0.0249094
clip_four_mp4-0108_jpg.rf.fdf3d9b324252945e4df8d951840bf99,0,0.375958,0.280459,0.0133929,0.0255036
clip_four_mp4-0110_jpg.rf.239e605e01aa657665a96699d50270fb,0,0.373301,0.275066,0.0123536,0.0234254
clip_four_mp4-0111_jpg.rf.64be070182e53675c01f72792769a4b7,0,0.370729,0.27036,0.0118476,0.0232546
clip_four_mp4-0112_jpg.rf.053210f4109ab1b61e0a1869640d9490,0,0.369119,0.266417,0.0111279,0.0238167
clip_four_mp4-0113_jpg.rf.9e2759255796e7e0add6561d4b280ecc,0,0.365645,0.261683,0.0122399,0.0240942
clip_four_mp4-0114_jpg.rf.48e7b3d0e43f4952713ad5ff30f29abd,0,0.363371,0.258393,0.0125133,0.0232567
clip_four_mp4-0116_jpg.rf.32f898f3a00d3cab2131288aa6ee46ff,0,0.360857,0.255883,0.0121559,0.0235794
clip_four_mp4-0117_jpg.rf.3b02485a0dbcea4d609e8966b974ec7a,0,0.358728,0.253768,0.0112314,0.0223757
clip_four_mp4-0118_jpg.rf.4d7eb7d6e56be7b9fc7c0ba12c054f18,0,0.355888,0.250445,0.0112095,0.0233991
clip_four_mp4-0119_jpg.rf.e7c07438e3ad824c7be146941d117be9,0,0.353358,0.249705,0.0109711,0.0224824
clip_four_mp4-0120_jpg.rf.feaad67750075e3385b9eff58cccbc71,0,0.351443,0.248795,0.0124475,0.024202
clip_four_mp4-0122_jpg.rf.35e0c1eb1aaf93b7a8996db971cbf02d,0,0.346757,0.246603,0.0123517,0.0237557
clip_four_mp4-0124_jpg.rf.2ed8fdfb2fbe5547818ac8bbbba5a9fc,0,0.344184,0.247524,0.0129285,0.0243341
clip_four_mp4-0125_jpg.rf.199db3c50ca184540b74fc08f285c71d,0,0.34217,0.249095,0.013216,0.0258856
clip_four_mp4-0126_jpg.rf.3f8434ce846451baeae191b2c32a46f7,0,0.340091,0.249172,0.0121105,0.0240626
clip_four_mp4-0128_jpg.rf.e80f703146d6277d0de7c2880e960261,0,0.336719,0.249097,0.0125218,0.0236605
clip_four_mp4-0129_jpg.rf.16cad8ce773ca7555eb53d79ad8ccf29,0,0.334751,0.251953,0.0129869,0.0258306
clip_four_mp4-0130_jpg.rf.46b5e23fc15ed361e12148f532a900db,0,0.33269,0.253263,0.0118808,0.0247464
clip_four_mp4-0131_jpg.rf.718168da2565ecc8d93426269dfd70a3,0,0.330634,0.255451,0.0119719,0.0253146
clip_four_mp4-0132_jpg.rf.26b1290bbe4bea7ff5c83022b50a7fac,0,0.328548,0.256884,0.0118096,0.0240404
clip_four_mp4-0134_jpg.rf.ecc7520055d5937a794285c221c51782,0,0.326561,0.260876,0.0133556,0.0272248
clip_four_mp4-0135_jpg.rf.216d98a76a652f99b6788167cd51ee69,0,0.32379,0.263321,0.0125691,0.0234036
clip_four_mp4-0136_jpg.rf.b0cbb51d463bf332cfb53031ec9d4865,0,0.322454,0.2675,0.012308,0.0243456
clip_four_mp4-0137_jpg.rf.66d2a4fb23d915e2539377b31db2ad1d,0,0.319476,0.272533,0.0131079,0.0245494
clip_four_mp4-0138_jpg.rf.cc4dcb8c9b3d3412726ffaaacb65b3b9,0,0.317377,0.277037,0.0111749,0.0234332
clip_four_mp4-0140_jpg.rf.183fcd9c9cf3606ca965f846cf4a130c,0,0.316256,0.281122,0.0118241,0.0236523
clip_four_mp4-0141_jpg.rf.f81b93a356e49034334c986ff2da550f,0,0.313631,0.287682,0.0124296,0.0230921
clip_four_mp4-0142_jpg.rf.a5d85402927e5b58bbdbab826fbcfb7c,0,0.311175,0.291478,0.0122435,0.0222202
clip_four_mp4-0143_jpg.rf.5da3fa7816e1c956c39a0c9253810828,0,0.309682,0.297368,0.011853,0.0231052
clip_four_mp4-0153_jpg.rf.f1b54da75503266d7d83026a9a0e0ee5,0,0.605837,0.348358,0.0108757,0.0198895
clip_four_mp4-0153_jpg.rf.f1b54da75503266d7d83026a9a0e0ee5,0,0.296967,0.358825,0.0113912,0.0200752
clip_four_mp4-0154_jpg.rf.20ec989329c0bb4d475625e70939b86e,0,0.606065,0.348811,0.0120293,0.022998
clip_four_mp4-0154_jpg.rf.20ec989329c0bb4d475625e70939b86e,0,0.2968,0.363598,0.0122549,0.0254163
clip_four_mp4-0166_jpg.rf.97f75d5d79eb7281d1c8d05311808a1d,0,0.288106,0.289461,0.0133197,0.0247474
clip_four_mp4-0167_jpg.rf.a5dca0cd8af113c40e9f503a0e1b9e33,0,0.288254,0.272387,0.0132141,0.0270323
clip_four_mp4-0168_jpg.rf.3e67af28f3e6751b6f3a1456733bba80,0,0.288009,0.252869,0.0142095,0.0278011
clip_four_mp4-0171_jpg.rf.e7e465ecc60adaa8531460dcda854d1c,0,0.28957,0.212504,0.0115357,0.0232452
clip_four_mp4-0172_jpg.rf.64fb47398edde3c4460b0f4c8f761ae1,0,0.28925,0.194082,0.0123916,0.0252895
clip_four_mp4-0174_jpg.rf.951cb1bb54c7b0385ff3d4e5d06f8a8a,0,0.289901,0.16133,0.011786,0.023003
clip_four_mp4-0176_jpg.rf.40bafd027f8954fe2cb983c0ceb814ef,0,0.290288,0.14452,0.0116189,0.0242763
clip_four_mp4-0177_jpg.rf.026d9d65345fd5b9c1209870a4a1ed9e,0,0.290398,0.128047,0.0122067,0.0261768
clip_four_mp4-0178_jpg.rf.4bf5dd6d4d5dc02c1d594d552de1ebf6,0,0.289981,0.112257,0.0122042,0.0247534
clip_four_mp4-0179_jpg.rf.d14377ed9d9935e73e3a2bded84f3d50,0,0.289798,0.096012,0.0116767,0.0236841
clip_four_mp4-0180_jpg.rf.de526935d64ef32377a1eb4655426ecb,0,0.290298,0.0817373,0.0110215,0.0229766
clip_four_mp4-0182_jpg.rf.72c28e38d3609b1e06f877210d7a5a6e,0,0.290033,0.0666768,0.0114968,0.0228949
clip_four_mp4-0183_jpg.rf.5e0db2410cdeca1026638eb4b4799b63,0,0.290004,0.0524283,0.0118148,0.0233618
clip_four_mp4-0184_jpg.rf.4ca1449e7eebfd240370acd65518d2bc,0,0.28973,0.040103,0.0118937,0.0238605
clip_four_mp4-0185_jpg.rf.7a60aa9060d3f4a16cd020919ba93638,0,0.28965,0.026817,0.0124504,0.0251581
clip_four_mp4-0186_jpg.rf.637fb724faefe3be2c99a16055030365,0,0.289241,0.0123604,0.0122437,0.024426
clip_one_mp4-0017_jpg.rf.e9c7b1eac275c9572294a6c91445c959,0,0.459372,0.414073,0.0106842,0.019273
clip_one_mp4-0018_jpg.rf.0e0c48cefe3f46ef7dddc8af24a93530,0,0.476837,0.418799,0.0135363,0.02384
clip_one_mp4-0023_jpg.rf.bacf52e0f03442c6e77cdba4556dc7b5,0,0.17998,0.228249,0.00674934,0.0126393
clip_one_mp4-0027_jpg.rf.e97e56eb7396d2b663a9ee1fcc4970a1,0,0.529079,0.402154,0.0107256,0.0163002
clip_one_mp4-0027_jpg.rf.e97e56eb7396d2b663a9ee1fcc4970a1,0,0.166295,0.221565,0.00719752,0.0131886
clip_one_mp4-0028_jpg.rf.8382a587c8c8e73437ba5318925c75f9,0,0.527267,0.398062,0.0104107,0.0178926
clip_one_mp4-0029_jpg.rf.1f2072b55b7d6d667fd9fddafc20daf4,0,0.156751,0.21721,0.00732584,0.0138953
clip_one_mp4-0029_jpg.rf.1f2072b55b7d6d667fd9fddafc20daf4,0,0.523267,0.395551,0.0109415,0.0194597
clip_one_mp4-0030_jpg.rf.857713075a631d582e95e2ede9cf87ae,0,0.519958,0.3923,0.010745,0.0200781
clip_one_mp4-0032_jpg.rf.2174e5f0f3cc2359f0c2f1ba6821a060,0,0.516498,0.389099,0.0105143,0.0180947
clip_one_mp4-0032_jpg.rf.2174e5f0f3cc2359f0c2f1ba6821a060,0,0.146146,0.214115,0.00758915,0.0141277
clip_one_mp4-0033_jpg.rf.0e91ade2379b24098031bc5fcb4a03ad,0,0.14119,0.213166,0.00786209,0.0152452
clip_one_mp4-0033_jpg.rf.0e91ade2379b24098031bc5fcb4a03ad,0,0.513425,0.385781,0.0124389,0.0213695
clip_one_mp4-0034_jpg.rf.8a90a9e7edd53faee44a44b0d616156f,0,0.509608,0.379213,0.0098383,0.0182164
clip_one_mp4-0035_jpg.rf.684067f7c1c4500d5c223a5f9ae084fe,0,0.506454,0.376649,0.0107683,0.0200994
clip_one_mp4-0035_jpg.rf.684067f7c1c4500d5c223a5f9ae084fe,0,0.13112,0.210335,0.00726447,0.0150571
clip_one_mp4-0036_jpg.rf.62a90d74ccb81c0bfee2e0f79201031d,0,0.502827,0.375233,0.0105312,0.0200688
clip_one_mp4-0038_jpg.rf.b043db7fa69e06bc4239c34bf6bd9eda,0,0.498825,0.373702,0.0115631,0.0200362
clip_one_mp4-0038_jpg.rf.b043db7fa69e06bc4239c34bf6bd9eda,0,0.120112,0.206129,0.00725365,0.0138893
clip_one_mp4-0039_jpg.rf.6e7331127c3fa5f0cd363ca5d64d1943,0,0.495201,0.371994,0.0111418,0.0206267
clip_one_mp4-0040_jpg.rf.bc46e42fa15188ccd18dbfe56201956d,0,0.491262,0.370708,0.0106611,0.0211728
clip_one_mp4-0040_jpg.rf.bc46e42fa15188ccd18dbfe56201956d,0,0.108423,0.204162,0.00759234,0.0140357
clip_one_mp4-0041_jpg.rf.59512f3e3ca889844f654ac29ada48be,0,0.488647,0.369404,0.012459,0.0220889
clip_one_mp4-0041_jpg.rf.59512f3e3ca889844f654ac29ada48be,0,0.103522,0.203462,0.00780261,0.0137631
clip_one_mp4-0042_jpg.rf.deea3c68954cdc25bde388d6539fbc59,0,0.484385,0.369434,0.0102142,0.0200397
clip_one_mp4-0044_jpg.rf.17baacedde257c926b2414e3168dcc5b,0,0.480934,0.368556,0.0117482,0.0226823
clip_one_mp4-0044_jpg.rf.17baacedde257c926b2414e3168dcc5b,0,0.0923995,0.19903,0.00774786,0.0157721
clip_one_mp4-0045_jpg.rf.f68b0e5770b22502c566288d4340ab69,0,0.478001,0.368978,0.0104959,0.0212572
clip_one_mp4-0046_jpg.rf.56c80d9c9e6ed70f9cecb8c105496b61,0,0.081691,0.197373,0.00775057,0.0157255
clip_one_mp4-0046_jpg.rf.56c80d9c9e6ed70f9cecb8c105496b61,0,0.474115,0.367932,0.0116776,0.0207291
clip_one_mp4-0047_jpg.rf.9bf6119cf35bf6a755fe5249d1c5900c,0,0.471616,0.367019,0.0096755,0.0185753
clip_one_mp4-0048_jpg.rf.fadd540444143589f616242361dc9709,0,0.470221,0.36695,0.0101541,0.019698
clip_one_mp4-0048_jpg.rf.fadd540444143589f616242361dc9709,0,0.0716608,0.194979,0.00842825,0.0157149
clip_one_mp4-0050_jpg.rf.a14d0562ed703f63d0ade4f4ebdc9994,0,0.468343,0.367122,0.0105995,0.0202236
clip_one_mp4-0050_jpg.rf.a14d0562ed703f63d0ade4f4ebdc9994,0,0.0681082,0.193329,0.00775399,0.015819
clip_one_mp4-0052_jpg.rf.1193c8acb5112986519716a6737419e6,0,0.466495,0.366797,0.00992546,0.0194093
clip_one_mp4-0053_jpg.rf.b9abb05a33b48b936803cd79a733964f,0,0.466771,0.367413,0.0100981,0.0207643
clip_one_mp4-0053_jpg.rf.b9abb05a33b48b936803cd79a733964f,0,0.0566939,0.189738,0.00794181,0.0153419
clip_one_mp4-0054_jpg.rf.786c8767e661dc1a2734288505795754,0,0.466964,0.368208,0.00998726,0.02076
clip_one_mp4-0054_jpg.rf.786c8767e661dc1a2734288505795754,0,0.0538489,0.189272,0.00784335,0.0144948
clip_one_mp4-0056_jpg.rf.8107f8ab89cc092ca4fe5a59165746cb,0,0.466865,0.36901,0.0101,0.0205382
clip_one_mp4-0057_jpg.rf.8259c21416e25f3d2acb1741f9f0da7d,0,0.467135,0.37076,0.0105564,0.0204451
clip_one_mp4-0058_jpg.rf.c795db0eb728289e35ee8aa707db4091,0,0.468153,0.372618,0.0109121,0.020106
clip_one_mp4-0058_jpg.rf.c795db0eb728289e35ee8aa707db4091,0,0.0451721,0.185747,0.00708525,0.0142773
clip_one_mp4-0059_jpg.rf.74aa899af7c97cead7bd0e0404542fce,0,0.468467,0.374508,0.0102736,0.0187029
clip_one_mp4-0059_jpg.rf.74aa899af7c97cead7bd0e0404542fce,0,0.0420504,0.183972,0.00721799,0.014955
clip_one_mp4-0062_jpg.rf.e48ae28f6633b8bd2810bd6e98350e02,0,0.470341,0.379885,0.0098237,0.0198429
clip_one_mp4-0063_jpg.rf.01d84b9d8b1da69bf0610e6e6f74ed20,0,0.47105,0.380266,0.0103532,0.0206936
clip_one_mp4-0064_jpg.rf.25059227c303bce7299d8777d7bc6ed9,0,0.471644,0.384756,0.0131333,0.0259356
clip_one_mp4-0065_jpg.rf.6e4889bc3f1f41605f8edf34df8296ae,0,0.471898,0.387126,0.0117084,0.0226768
clip_one_mp4-0071_jpg.rf.8fc1d75fc914907d52700a94d4753bca,0,0.479871,0.40868,0.0118418,0.0216541
clip_one_mp4-0081_jpg.rf.0f6a70f35a991877addb1827f86d511a,0,0.486566,0.362997,0.0123736,0.0226642
clip_one_mp4-0088_jpg.rf.ace9267972935b9b3c38984da37edb5d,0,0.491122,0.292262,0.011216,0.0214201
clip_one_mp4-0089_jpg.rf.b3580a70874ce6af946bca19e0bfff61,0,0.490808,0.284873,0.0112523,0.0217226
clip_one_mp4-0090_jpg.rf.a72394df7074434f850504e77ec43b40,0,0.491273,0.273237,0.0135061,0.0283068
clip_one_mp4-0092_jpg.rf.7b5c4bef83ad456ec8e89a5035308cb9,0,0.490983,0.262453,0.0133688,0.026593
clip_one_mp4-0093_jpg.rf.e19e4c64cab2dcdb5c229e5762deae73,0,0.49295,0.250816,0.00966625,0.0191483
clip_one_mp4-0094_jpg.rf.ca4c5435a9860e2899504e2d916012cd,0,0.494165,0.24471,0.0109034,0.0220215
clip_one_mp4-0095_jpg.rf.7e4c015c9d4ed359f88b75b97ceb6198,0,0.494465,0.236725,0.0129446,0.0245493
clip_one_mp4-0096_jpg.rf.e32dfde4fa109fedae0392eb7771db76,0,0.49581,0.227501,0.0117121,0.024151
clip_one_mp4-0098_jpg.rf.2d110e6691eb4c779b66bb1ec9dac405,0,0.496309,0.218611,0.00956364,0.019623
clip_one_mp4-0100_jpg.rf.faf9bc5997ace937d6a6b1313df0244e,0,0.49727,0.203858,0.0118798,0.0233662
clip_one_mp4-0101_jpg.rf.b9e39f142e1813626d41b129980de3af,0,0.497885,0.196759,0.0126681,0.0245634
clip_one_mp4-0102_jpg.rf.1339942850e3681012309718c03ee24e,0,0.499085,0.189763,0.0128382,0.0243755
clip_one_mp4-0104_jpg.rf.d962a463de029ed054ce7795a7c3fc44,0,0.499071,0.183341,0.0122581,0.0232048
clip_one_mp4-0105_jpg.rf.184ad3408153d289c9653cce2f42117e,0,0.5008,0.177725,0.0126513,0.0224086
clip_one_mp4-0106_jpg.rf.385ea06621d17f539613d967c0ff5d54,0,0.501917,0.171062,0.0119662,0.0238959
clip_one_mp4-0107_jpg.rf.6ade95adb35c2491a38ac00fb9bee5eb,0,0.502897,0.164547,0.0113476,0.0234695
clip_one_mp4-0108_jpg.rf.75f27655142627101daa15d620c6973c,0,0.504979,0.159372,0.0120951,0.0225128
clip_one_mp4-0110_jpg.rf.161a8ffb5483dbc005cd2002455cad55,0,0.505498,0.156425,0.0111432,0.0227851
clip_one_mp4-0111_jpg.rf.362b6edc193e65e2dec9ef3b659f1dac,0,0.506952,0.151925,0.0123112,0.025017
clip_one_mp4-0112_jpg.rf.9f845ef7796e1d5b86140d50cd6e8ae4,0,0.508777,0.148492,0.0136971,0.0270465
clip_one_mp4-0113_jpg.rf.9382d4ca3ad4bae93407c03b4e6228d2,0,0.510198,0.143984,0.0125875,0.0243474
clip_one_mp4-0114_jpg.rf.f87c99cd9dcef7cf26cee283ac96d631,0,0.511485,0.140724,0.0125105,0.0228466
clip_one_mp4-0116_jpg.rf.de0ca67236a8dbc4f00480d7496b4013,0,0.513573,0.137666,0.0125525,0.0241711
clip_one_mp4-0117_jpg.rf.caef2eff4dfc6262310623db4b061b5f,0,0.514591,0.135936,0.0129169,0.0260797
clip_one_mp4-0118_jpg.rf.900277d026e54164ea7ea16bd0689f31,0,0.516243,0.132322,0.0118038,0.0232304
clip_one_mp4-0119_jpg.rf.158e5eb943bdd50c32b0e89b12abcb6a,0,0.517988,0.130759,0.0117164,0.0240615
clip_one_mp4-0120_jpg.rf.015f77243291daf045d90a09a0dc18df,0,0.519014,0.130857,0.012598,0.0251507
clip_one_mp4-0122_jpg.rf.018da7dcc032b7ca7b28da8f126f7127,0,0.521967,0.129846,0.0131922,0.025645
clip_one_mp4-0124_jpg.rf.ebba07d30d007ab14845feac0744e959,0,0.523207,0.128737,0.0128848,0.0245712
clip_one_mp4-0125_jpg.rf.98482a39369f8e659f061b4c04a2903a,0,0.524372,0.128933,0.0131373,0.0249016
clip_one_mp4-0126_jpg.rf.1c4e1697778a53f2894cd95c3f654364,0,0.526086,0.130399,0.0131092,0.0241105
clip_one_mp4-0128_jpg.rf.8b748534894e49cab8e75f4c62cc5f21,0,0.527778,0.131086,0.0127369,0.0248387
clip_one_mp4-0129_jpg.rf.4f312aeeac0f52ba0e90e0612e07df12,0,0.529447,0.132257,0.0128076,0.0245552
clip_one_mp4-0130_jpg.rf.5f230f70799aff1625f33109869f11eb,0,0.530478,0.134762,0.0132473,0.0247499
clip_one_mp4-0131_jpg.rf.6c3d0d74ef6fb1daf74f30dbd954d702,0,0.531843,0.137583,0.0129944,0.026447
clip_one_mp4-0134_jpg.rf.ad7f4b20a606541cc573b8c2d496f711,0,0.53478,0.144122,0.0126258,0.0247401
clip_one_mp4-0135_jpg.rf.9fcaf08eda6c7a2fab28534cdfe502ea,0,0.536066,0.149016,0.0132019,0.026771
clip_one_mp4-0136_jpg.rf.1b13879184707fc1c95e4169f0287292,0,0.537791,0.152681,0.0134596,0.0249258
clip_one_mp4-0137_jpg.rf.7a1a25ebbdbee073ce8072d3e0bd3064,0,0.53929,0.159086,0.0136309,0.0278433
clip_one_mp4-0138_jpg.rf.e2f377dfa19bd8b3bba9347294604b39,0,0.541536,0.163454,0.0130749,0.0275065
clip_one_mp4-0141_jpg.rf.faff36ac760e045031ab07dfc1abdaf9,0,0.544876,0.175601,0.0144434,0.0280885
clip_one_mp4-0142_jpg.rf.c064f9fdc7c40fd99f1165a615b065f5,0,0.54687,0.180947,0.0126701,0.0246682
clip_one_mp4-0143_jpg.rf.890539f23d78935b9731a14d22ae5074,0,0.547875,0.187766,0.0132851,0.0257274
clip_one_mp4-0144_jpg.rf.e687feda186776c2486a3089feaffc55,0,0.550619,0.195292,0.0138469,0.026861
clip_one_mp4-0146_jpg.rf.9c463bebf064927ecac0d6df03966b90,0,0.551063,0.201851,0.0130999,0.0255234
clip_one_mp4-0147_jpg.rf.6601feee7d11948dbe253c5af2827de0,0,0.554125,0.212831,0.0137074,0.0264557
clip_one_mp4-0148_jpg.rf.69befa9d65233cfabdc5e9c37324d377,0,0.556121,0.222117,0.0143393,0.0267162
clip_one_mp4-0150_jpg.rf.aa50e8d2840a27ade288d0f1137a6454,0,0.559923,0.238413,0.0138081,0.0280828
clip_one_mp4-0153_jpg.rf.c0a8f4b584880c0ba5cc080f6d801031,0,0.564249,0.26551,0.0152622,0.0337246
clip_one_mp4-0154_jpg.rf.37d6e9997a61affcebf94c7fadd23e03,0,0.565886,0.275455,0.01364,0.0283599
clip_one_mp4-0156_jpg.rf.43192119218012bcc4cd8b5d26c342a6,0,0.569547,0.294481,0.0151503,0.0295903
clip_one_mp4-0158_jpg.rf.145f2da69ed3d229b662a51a171026d2,0,0.570842,0.307673,0.0139851,0.0268738
clip_one_mp4-0159_jpg.rf.17ea7bbf44334ae3c819af282a78e1ef,0,0.572033,0.319585,0.0136806,0.0259678
clip_one_mp4-0161_jpg.rf.cc7453ee16f26abce564c5b569da43a5,0,0.57593,0.349241,0.0155611,0.031008
clip_one_mp4-0164_jpg.rf.c95615e71239b35636f0c6c10a0ebfa2,0,0.578334,0.378596,0.0142772,0.0295346
clip_one_mp4-0167_jpg.rf.02c383ee91eb27b48652dbfad5551e65,0,0.583577,0.42379,0.0132105,0.0271166
clip_one_mp4-0168_jpg.rf.0c4984f51129c3dcaf43df6f24cc4114,0,0.584349,0.436094,0.013312,0.0266905
clip_one_mp4-0174_jpg.rf.43e52eb378fc37ea94d2d7d7d5891ae5,0,0.589939,0.448395,0.0122929,0.0242138
clip_one_mp4-0179_jpg.rf.76ab53a66a71f386bd21e47d70f9dc44,0,0.597095,0.361962,0.0128538,0.0249538
clip_one_mp4-0180_jpg.rf.1d7afc4ba30024c148b9b0ffdac0e542,0,0.598032,0.340384,0.0157244,0.0320897
clip_one_mp4-0183_jpg.rf.0eff91c2ec8b7ed23a3ff1e4b9738797,0,0.601706,0.304,0.0132053,0.027544
clip_one_mp4-0184_jpg.rf.1b7591f783040d6f019575256f2800c3,0,0.603433,0.2866,0.0124287,0.0264575
clip_one_mp4-0185_jpg.rf.4543015de1b1b3a5317b46f50afaea97,0,0.604663,0.269645,0.0131533,0.0260594
clip_one_mp4-0186_jpg.rf.103b0e3be1713fa1da3c2ec1e7541d9b,0,0.605757,0.255671,0.0119709,0.0248592
clip_one_mp4-0188_jpg.rf.82ff90edfc56ca58f9f8faa7bd36710d,0,0.608408,0.238142,0.0118755,0.0244184
clip_one_mp4-0189_jpg.rf.866917c91972963545212f1b8cd3bfe6,0,0.608844,0.218853,0.0131944,0.0254205
clip_one_mp4-0190_jpg.rf.aad8f004a04087d3c59e7a5d15050bb7,0,0.609821,0.204461,0.0138729,0.0270653
clip_one_mp4-0191_jpg.rf.5893a2606a2904e816b1eb676758b818,0,0.61119,0.190949,0.0132644,0.0260136
clip_one_mp4-0192_jpg.rf.3d97e0750db020f17d62dfc7d3086b82,0,0.611868,0.177239,0.0134683,0.0265346
clip_one_mp4-0194_jpg.rf.912c69653a6fccc1125177ec301f655f,0,0.61323,0.162452,0.0135753,0.0278147
clip_one_mp4-0195_jpg.rf.bedc2ef8af476170aa55bb99228d8f29,0,0.613995,0.150103,0.0130128,0.0270284
clip_one_mp4-0196_jpg.rf.6aa5e78d0c6b9969ee87011308f92771,0,0.614818,0.137121,0.0131258,0.0273296
clip_one_mp4-0197_jpg.rf.1e1ffdf7cdaabc16049c023b4630e1a0,0,0.616034,0.124585,0.0139521,0.028965
clip_one_mp4-0198_jpg.rf.eb83d229c1562038446ae89d35c9767d,0,0.616599,0.112592,0.0137458,0.0270656
clip_one_mp4-0200_jpg.rf.83784fd73c446890dc87d7b838301f90,0,0.617861,0.101328,0.0131479,0.0278022
clip_one_mp4-0201_jpg.rf.75e9fd37cd03050c770b2bfe7a3f7f54,0,0.618332,0.089971,0.0128424,0.0274339
clip_one_mp4-0202_jpg.rf.50964e3cd758a41e3dc64edfb5cd60f2,0,0.618984,0.0793602,0.0126337,0.0264224
clip_one_mp4-0203_jpg.rf.4b7f69a738927d33f1b7674cb1615b63,0,0.62004,0.0701021,0.0134548,0.0261189
clip_one_mp4-0204_jpg.rf.b008b94b0877c9bef598f76664fd657d,0,0.621488,0.0590659,0.0126667,0.0245047
clip_one_mp4-0206_jpg.rf.1582c79ccd0d3d89080062a24fadc0a9,0,0.622353,0.0508582,0.0136105,0.0275331
clip_one_mp4-0207_jpg.rf.0a8b2e8147f4d18d522c07284ace19e4,0,0.622787,0.0433492,0.0126596,0.024627
clip_one_mp4-0208_jpg.rf.29c7c4b5b903b3bce62fd94484c7e8fc,0,0.623756,0.0351053,0.0127467,0.0252832
clip_one_mp4-0209_jpg.rf.89d345d56a71750789fd191a6f71b3ed,0,0.624523,0.0274457,0.0131467,0.0248235
clip_one_mp4-0210_jpg.rf.0c451034ab99d71572a25efc7809789c,0,0.625675,0.0212251,0.013022,0.0254589
clip_one_mp4-0212_jpg.rf.57d582996380a45f085a53127a76f8e0,0,0.626128,0.013533,0.0128241,0.0263647
clip_one_mp4-0213_jpg.rf.6e5dec805e8681119293871b39ae257e,0,0.628817,0.01014,0.0130409,0.02028
clip_one_mp4-0213_jpg.rf.6e5dec805e8681119293871b39ae257e,0,0.627574,0.0104477,0.0131381,0.0208954
clip_one_mp4-0214_jpg.rf.69c1a09d221048d565364ea2e5d0f34d,0,0.629628,0.00843013,0.011402,0.0168603
clip_one_mp4-0215_jpg.rf.f4126eb92898e0cb41004761be7e0e17,0,0.630687,0.00701719,0.00981903,0.0134453
clip_three_mp4-0006_jpg.rf.152630c39f458b5a242711be01a49796,0,0.388735,0.211261,0.0126191,0.0228805
clip_three_mp4-0017_jpg.rf.2fd4fcbfd9e436ad6a3b18e0ed0dfefc,0,0.475968,0.0754173,0.0130627,0.0262639
clip_three_mp4-0019_jpg.rf.23452cf8e3ef9f710c0b9e8adf3b37b0,0,0.480999,0.063146,0.0119078,0.0243562
clip_three_mp4-0022_jpg.rf.dc37d54246d40c9e5a58098854ea4173,0,0.495504,0.0275663,0.0124918,0.0255717
clip_three_mp4-0026_jpg.rf.f72cc11f0f86c99b41daefc73cdc7cfb,0,0.505668,0.00619054,0.00909214,0.0114534
clip_three_mp4-0078_jpg.rf.0205677d77243d2a8ebc56da02452646,0,0.551922,0.0161411,0.011447,0.0217172
clip_three_mp4-0080_jpg.rf.ca19e8bae88dfa3d434fd70514fd1821,0,0.552999,0.0238928,0.0106401,0.0191116
clip_three_mp4-0081_jpg.rf.327276be1dc323da42187262d42c9b56,0,0.555256,0.0330212,0.0105228,0.0217191
clip_three_mp4-0082_jpg.rf.622ccc756bb1aaac9d3910bec4eff3ef,0,0.557064,0.0403165,0.00928192,0.0181642
clip_three_mp4-0083_jpg.rf.6599e93a9530d7e17ff865ac863fa0c3,0,0.558957,0.0494782,0.0109783,0.0203161
clip_three_mp4-0084_jpg.rf.bccabecae6939571233914c84de963c5,0,0.560476,0.0594227,0.011416,0.0214274
clip_three_mp4-0087_jpg.rf.ed44367f6f8b7fcf49aadb011561b2ea,0,0.564533,0.0772671,0.0109484,0.0197294
clip_three_mp4-0088_jpg.rf.a3e14de16931a34f68e9313e0b16a029,0,0.566195,0.0870116,0.0104981,0.0199565
clip_three_mp4-0089_jpg.rf.9e4fe489a7f7013e03eaa116f6734f60,0,0.568412,0.0974861,0.0109468,0.0211696
clip_three_mp4-0090_jpg.rf.a35552b15b295e56c495c59090ab4056,0,0.570675,0.108518,0.0110283,0.0213158
clip_three_mp4-0092_jpg.rf.4164729a589bbb4dcdfda224dbc261b4,0,0.572286,0.118732,0.0117989,0.0235064
clip_three_mp4-0093_jpg.rf.5946ff40ac29f5c702eef7bb614a7b88,0,0.573963,0.130215,0.0125418,0.0236928
clip_three_mp4-0094_jpg.rf.7eea8f6f614443bca596d8ae6caa2602,0,0.577275,0.13949,0.0109087,0.0209367
clip_three_mp4-0095_jpg.rf.d9c567ce1a00e8f180148f66f845e1ce,0,0.578931,0.151127,0.00990782,0.0192407
clip_three_mp4-0096_jpg.rf.e9f73b81d21df9cdc510907e70f2bb28,0,0.580522,0.163448,0.0107227,0.0216883
clip_three_mp4-0098_jpg.rf.00ca9941911bc16e091f4ebd04b8911a,0,0.583404,0.173654,0.0115308,0.021733
clip_three_mp4-0099_jpg.rf.41af83f2611546eb662501ea6f802583,0,0.585761,0.184806,0.0108513,0.0192293
clip_three_mp4-0101_jpg.rf.1ffc8319ccce4fea49413cc46571cf28,0,0.589755,0.209763,0.0108273,0.0203067
clip_three_mp4-0102_jpg.rf.766f8d8f92cd772e8d256bdd2c168d53,0,0.591684,0.220463,0.0117758,0.0235001
clip_three_mp4-0104_jpg.rf.1f9a95e121f4d12b04e1b5ab3badb94e,0,0.594203,0.233231,0.0108708,0.0218465
clip_three_mp4-0105_jpg.rf.d854bd438d133e9239e420d2afbe2751,0,0.5966,0.243671,0.0106165,0.0216366
clip_three_mp4-0107_jpg.rf.fadb5a7d1220afa8afde7d4486310a63,0,0.602687,0.272094,0.00889492,0.015832
clip_three_mp4-0108_jpg.rf.c0973de3a1da94f8aa0e9471ce1a35de,0,0.603983,0.283271,0.0102257,0.0209643
clip_three_mp4-0110_jpg.rf.6fab0fd520e7d115608cb413a2d511c4,0,0.606758,0.292771,0.0103725,0.0202714
clip_three_mp4-0116_jpg.rf.c3608e144e170e00c1f142d39397fd46,0,0.620817,0.361042,0.00859814,0.0155643
clip_three_mp4-0117_jpg.rf.e1a14aa8e04786f7e5d4ba835497895e,0,0.621846,0.35235,0.00891647,0.01659
clip_three_mp4-0122_jpg.rf.7d5c8802feef4a8889550d82293fc955,0,0.627521,0.282575,0.00996113,0.0185084
clip_three_mp4-0125_jpg.rf.6c47366b7c5e4b6bde0df4ef14639a98,0,0.628214,0.257182,0.00977993,0.0204389
clip_three_mp4-0126_jpg.rf.60e75ddadfef3b25889a7d03abd334bc,0,0.629204,0.24642,0.00977869,0.019354
clip_three_mp4-0129_jpg.rf.3bb4af6eb6900da9eaef635a41785157,0,0.630945,0.222773,0.0108286,0.0202492
clip_three_mp4-0130_jpg.rf.d8aa6f84b3ae7b290e420f42c35d925b,0,0.632589,0.211439,0.0101845,0.0185925
clip_three_mp4-0132_jpg.rf.14d768ac77542ed7dd36de2c2afe0d0e,0,0.634319,0.189871,0.0116226,0.023498
clip_three_mp4-0134_jpg.rf.7bbf9a6126d7380ed857e136197602e7,0,0.634521,0.179211,0.0125881,0.0248497
clip_three_mp4-0135_jpg.rf.a8a4fba76c9cae923bbad7ebf6602e3d,0,0.635201,0.171358,0.0109676,0.0206566
clip_three_mp4-0136_jpg.rf.23632389d05070c179e74c612e4f5e96,0,0.636049,0.161675,0.0112884,0.0204506
clip_three_mp4-0140_jpg.rf.1e0478e183a717819095c3e0427ef53e,0,0.63888,0.135892,0.0115241,0.0195403
clip_three_mp4-0141_jpg.rf.b2d70a92c5f5f85d17ad4698d090fd4d,0,0.639027,0.128259,0.0114075,0.0205594
clip_three_mp4-0143_jpg.rf.58925c5e9e307a4b65f80eac4837884b,0,0.640455,0.112126,0.0112192,0.0213273
clip_three_mp4-0144_jpg.rf.12b34dee5d138044b52ea4c79a59bc69,0,0.641441,0.105649,0.0115337,0.0241764
clip_three_mp4-0146_jpg.rf.566f4f3cc6c4d440abccbc6d7680cf03,0,0.643008,0.0981332,0.0120008,0.0224401
clip_three_mp4-0147_jpg.rf.177cc53712af5696c05353688614f10c,0,0.643455,0.0913955,0.0103603,0.0211232
clip_three_mp4-0148_jpg.rf.cbce6932f8ebe98fbadd7099ff26654e,0,0.644037,0.084902,0.0110322,0.0203559
clip_three_mp4-0149_jpg.rf.a59d4871327fb76ce642860c706bfc3a,0,0.645703,0.0792318,0.00957031,0.0191531
clip_three_mp4-0150_jpg.rf.f8154ef9a228fff0d7728c5743d1d897,0,0.646435,0.0736803,0.0104213,0.018774
clip_three_mp4-0153_jpg.rf.bd9ee5e6b763e555f93c1d6f068456f2,0,0.647254,0.06657,0.0106995,0.0207368
clip_three_mp4-0153_jpg.rf.bd9ee5e6b763e555f93c1d6f068456f2,0,0.596002,0.347438,0.0099431,0.0178168
clip_three_mp4-0154_jpg.rf.bee13f82a834aa99ac70dd8e61435d14,0,0.64819,0.0618196,0.011083,0.019881
clip_three_mp4-0158_jpg.rf.91d5151ac05eb1b5551be168c251d8d9,0,0.651866,0.052425,0.0115225,0.0204185
clip_three_mp4-0159_jpg.rf.529593b6d2c5dc3a85f83402054feca6,0,0.652503,0.0492872,0.0109143,0.0202958
clip_three_mp4-0160_jpg.rf.28afedc171ae525d6688e21f8cb396ed,0,0.652902,0.0458362,0.0100333,0.0198465
clip_three_mp4-0162_jpg.rf.8b8d35784bfe3b9c580afa8cbd74c857,0,0.653699,0.0415938,0.0093956,0.0189962
clip_three_mp4-0164_jpg.rf.57c6b6d9aacd7d5fa237adfdb08bad1f,0,0.65494,0.0400024,0.00990925,0.0199334
clip_three_mp4-0165_jpg.rf.08d0711bd2cce711ee7fba16d42c4a6c,0,0.655786,0.0395369,0.0102364,0.020515
clip_three_mp4-0166_jpg.rf.f3f54bc9d027293366e93d9ae7716d04,0,0.656421,0.0396956,0.0101245,0.0199375
clip_three_mp4-0167_jpg.rf.46149d1cc885c98da0be86d0baf52f75,0,0.657233,0.039195,0.0102448,0.0201717
clip_three_mp4-0168_jpg.rf.8da17103517f22fc4f4a1b6c03a11f7b,0,0.658209,0.039548,0.0106058,0.0206235
clip_three_mp4-0170_jpg.rf.fcd074ddb9ec2a47edd23bbf4d80b0d9,0,0.659207,0.0393529,0.0115189,0.0222759
clip_three_mp4-0171_jpg.rf.4bfb08abcb5428c429e58c4402620be7,0,0.659736,0.0396925,0.0118388,0.0229875
clip_three_mp4-0172_jpg.rf.1d4c3a60c2081f1de79807922bf09042,0,0.660611,0.0406868,0.0120884,0.0232425
clip_three_mp4-0173_jpg.rf.e523dac48e702a719018a5499f05c63e,0,0.661084,0.0419269,0.0119482,0.0226052
clip_three_mp4-0178_jpg.rf.1854eb788cb249919a6653d78a7f1e6a,0,0.663832,0.0511733,0.0119213,0.0218903
clip_three_mp4-0179_jpg.rf.b8350bc041c72c8e8041f4ddf51abeeb,0,0.664452,0.0549837,0.010533,0.019404
clip_three_mp4-0180_jpg.rf.1245ce0a0ac0aaa43874be6bcc1fd09d,0,0.665023,0.0582118,0.0102966,0.0203194
clip_three_mp4-0182_jpg.rf.772e5b6e87410005434808923433a387,0,0.665892,0.0623122,0.0102244,0.020637
clip_three_mp4-0183_jpg.rf.4f2c6b022ab6d3f363b2ce7cceb03220,0,0.666729,0.066971,0.0106855,0.0214654
clip_three_mp4-0184_jpg.rf.f5351c7ae5e2b749b3a18c04caeb75f7,0,0.668054,0.0702854,0.0105191,0.0211835
clip_three_mp4-0185_jpg.rf.4ae38b280e54a29d3732b2fc93f3e103,0,0.668355,0.074226,0.0110994,0.0201055
clip_three_mp4-0186_jpg.rf.3195581ee50cb30a1c8e990ddfa048f4,0,0.668824,0.0801919,0.0106855,0.0219401
clip_three_mp4-0188_jpg.rf.37acd53c9dae7a18f80a3d935bdfc9c0,0,0.669085,0.0853112,0.0110696,0.0203761
clip_three_mp4-0190_jpg.rf.90b73b1aab1d151802e713d3e50484a3,0,0.670602,0.0981902,0.0112608,0.0206489
clip_three_mp4-0191_jpg.rf.2ae4e9e0a8bfc760bdb0695c73671773,0,0.671455,0.105667,0.0103413,0.0211276
clip_three_mp4-0192_jpg.rf.513d39a67c54b9b83f6e4de9324cb4f3,0,0.671652,0.112352,0.0114969,0.0214779
clip_three_mp4-0194_jpg.rf.945cdaa1238f83fcd95cc2f9916072c9,0,0.671847,0.120063,0.0109236,0.0216919
clip_three_mp4-0195_jpg.rf.4b10c02f4fb38140291f6a16d95c0c6d,0,0.671988,0.127403,0.0118402,0.0233454
clip_three_mp4-0196_jpg.rf.22d2c127a2ae15921cdefb8cfff93e0c,0,0.67262,0.135076,0.0112982,0.0211918
clip_three_mp4-0197_jpg.rf.6e8d6bc1e8f212023c10991bc1f03f81,0,0.673371,0.143659,0.0109596,0.0208864
clip_three_mp4-0198_jpg.rf.727b9ab996af03698619aa00e3f75b03,0,0.673772,0.152876,0.0116646,0.0205815
clip_three_mp4-0200_jpg.rf.4780ad65108d0c7fe4b11613932e62fb,0,0.673796,0.161742,0.0115186,0.0205703
clip_three_mp4-0203_jpg.rf.70cb40ee9d7e4baddc689448d857a357,0,0.676594,0.190512,0.0112862,0.0202204
clip_three_mp4-0204_jpg.rf.66939dd540017ed66c8471d6a0d6fd77,0,0.677237,0.200941,0.0109049,0.0214675
clip_three_mp4-0207_jpg.rf.bcf30f445c6ac296831ae1665dc06f35,0,0.677968,0.221645,0.0120403,0.0242186
clip_three_mp4-0208_jpg.rf.280158c4d17a2659d5c1411fc8423576,0,0.678253,0.232319,0.0108946,0.0226556
clip_three_mp4-0209_jpg.rf.1d25cb7d4b11e9d6dcf291734a583171,0,0.679477,0.243371,0.0113795,0.0242398
clip_three_mp4-0210_jpg.rf.44461a6cca6d41d508d24dbaa6512397,0,0.680194,0.255259,0.0112609,0.024458
clip_three_mp4-0212_jpg.rf.bc23e8d831f862e6154266c3cc14bf72,0,0.680686,0.267672,0.0108162,0.0231947
clip_three_mp4-0213_jpg.rf.a19700087dabb4ca7e8c59355097ca78,0,0.680737,0.280276,0.0113065,0.0238431
clip_three_mp4-0214_jpg.rf.d9e5610641f7a81facfba6e83327f9fb,0,0.680935,0.291674,0.0110294,0.0232306
clip_three_mp4-0215_jpg.rf.af89e7e9d837c84ea5a138c403c1e5f0,0,0.681185,0.305009,0.0105239,0.0220012
clip_three_mp4-0216_jpg.rf.f58652249c642d83bd050ba13f4e39a4,0,0.682301,0.319328,0.0113502,0.0234715
clip_three_mp4-0224_jpg.rf.19243a4aa4524d9f8696c8fab9e845f2,0,0.907632,0.00815448,0.0098896,0.0147542
clip_three_mp4-0225_jpg.rf.5b48d68532bbb483c9c2f22b5465d58c,0,0.682008,0.316771,0.0116862,0.0232718
clip_three_mp4-0226_jpg.rf.0ffdce9e0c1f16b1b0e04594df5481a4,0,0.681236,0.307805,0.0123258,0.0239595
clip_three_mp4-0227_jpg.rf.b1707c9d78ee9ba2aab4768c76c7b017,0,0.680358,0.295435,0.0137194,0.0281906
clip_three_mp4-0228_jpg.rf.5b6d369c3cba36c6a233a74291a2c247,0,0.67886,0.283699,0.0117699,0.0236369
clip_three_mp4-0230_jpg.rf.ecbee3c41e2f6777152acd0624ed7428,0,0.67751,0.273694,0.011844,0.0234647
clip_three_mp4-0231_jpg.rf.d3cc85d293c3df7bc72e3543045604e4,0,0.676706,0.263455,0.0116648,0.0234638
clip_three_mp4-0233_jpg.rf.afe0ef99a2792907f218241c6abb4b0b,0,0.723565,0.424672,0.0136288,0.0262468
clip_three_mp4-0233_jpg.rf.afe0ef99a2792907f218241c6abb4b0b,0,0.673921,0.243538,0.0118432,0.0221608
clip_three_mp4-0234_jpg.rf.86b38fe2eda2cb06e15e831af7e6722e,0,0.672389,0.234463,0.011034,0.0206557
clip_three_mp4-0236_jpg.rf.24fe8cf941f4cdcc12b9e77b7046b506,0,0.671669,0.224359,0.0116181,0.0234098
clip_three_mp4-0237_jpg.rf.d812b87906a51264ae4a77c0a65cf615,0,0.669927,0.215396,0.0119196,0.0257806
clip_three_mp4-0238_jpg.rf.35d879a798dd11f77b4c25ed8cd3c761,0,0.668004,0.209688,0.0123375,0.024159
clip_three_mp4-0239_jpg.rf.5839b55204f685a0098b9966f8cdeb8a,0,0.667356,0.203465,0.0118076,0.0249201
clip_two_mp4-0005_jpg.rf.44c4d0d13c50a739438a99cfbca7d6d7,0,0.658247,0.0230819,0.0125006,0.0233709
clip_two_mp4-0006_jpg.rf.20a0b61c518ed4124cf64aafb39f4b6e,0,0.66023,0.0302244,0.0123734,0.0242526
clip_two_mp4-0009_jpg.rf.0bed0c2721b7ca6018be5109d21b1a89,0,0.662026,0.0431702,0.0130371,0.0245152
clip_two_mp4-0015_jpg.rf.f0e705d85de03c330a486b519beb6105,0,0.668685,0.0841265,0.0131098,0.0248128
clip_two_mp4-0016_jpg.rf.43c195005357cdf33361065a46c9319e,0,0.669961,0.0937985,0.0123149,0.0244709
clip_two_mp4-0018_jpg.rf.54ff0774e56b79937efe1a0527998a03,0,0.671639,0.112121,0.0124186,0.0237181
clip_two_mp4-0020_jpg.rf.7c30abd3e135255f4265c5f59d915e8b,0,0.672562,0.123076,0.012802,0.025046
clip_two_mp4-0022_jpg.rf.5a7eff264fa66221ef8903ee178ca62d,0,0.674131,0.144578,0.0121774,0.0230967
clip_two_mp4-0023_jpg.rf.22840fdccce4841f659d2965109d6f05,0,0.667123,0.157107,0.0148393,0.0254982
clip_two_mp4-0030_jpg.rf.5401dc6d052025cecbd78b1c5cb34436,0,0.588458,0.201032,0.0158891,0.031956
clip_two_mp4-0032_jpg.rf.098332bf1266a993326eb1cb18f140b4,0,0.590596,0.201239,0.0159203,0.0305488
clip_two_mp4-0034_jpg.rf.b0f525549e76f94e1f80dc3c5fc80e4a,0,0.597977,0.201702,0.0129807,0.0251336
clip_two_mp4-0035_jpg.rf.9c324bd64eed703267eb5542c2dc54d2,0,0.600873,0.202588,0.0132608,0.0261997
clip_two_mp4-0036_jpg.rf.035ab114285b52a45ce0db8a1cbee10e,0,0.605484,0.205143,0.0128965,0.0268032
clip_two_mp4-0038_jpg.rf.bc3a28726b442305fe61057ea7fe6f85,0,0.610482,0.204111,0.0110076,0.0207934
clip_two_mp4-0039_jpg.rf.c55c71ca2b7618d88f0b577f22830828,0,0.617221,0.207785,0.011679,0.0228363
clip_two_mp4-0047_jpg.rf.8eb18178bacd7e300351a9111401e289,0,0.648759,0.238352,0.0127867,0.0249964
clip_two_mp4-0048_jpg.rf.d178ee99248d0ff18741365b385f70b0,0,0.652209,0.245888,0.0140759,0.0272751
clip_two_mp4-0050_jpg.rf.af5b160216d96e99cc0dd74a17b14258,0,0.654253,0.250109,0.0124443,0.0242572
clip_two_mp4-0051_jpg.rf.c56cd55b585b9433b55d8c3fb4fb48bd,0,0.654825,0.258167,0.0126537,0.0236392
clip_two_mp4-0053_jpg.rf.f0695a0323d42375b4a3ec254b2d2d94,0,0.657761,0.275307,0.0107282,0.0191816
clip_two_mp4-0054_jpg.rf.32b6f3577c5b8b193809e60e9cbe3c8c,0,0.663127,0.280661,0.0144912,0.0257637
clip_two_mp4-0058_jpg.rf.4bcd5eab4d807a1eac9cd4c14fe5f456,0,0.665798,0.305662,0.013483,0.0262573
clip_two_mp4-0059_jpg.rf.1694f6761a10a9feb975c9e89e74a40c,0,0.665852,0.31449,0.0135839,0.0279425
clip_two_mp4-0062_jpg.rf.953c516d89697478239eaca970b3ede1,0,0.668821,0.330379,0.0128937,0.0246903
clip_two_mp4-0063_jpg.rf.601a564f52e1a91ffef46343283b8eb4,0,0.669701,0.342459,0.0125366,0.0251843
clip_two_mp4-0064_jpg.rf.8f55b6c4106fab75b29216175760bc87,0,0.668976,0.353817,0.012205,0.0269243
clip_two_mp4-0065_jpg.rf.2a321e8d8af8ad136f3f4cfaac220118,0,0.6689,0.3641,0.01367,0.030029
clip_two_mp4-0066_jpg.rf.cfbd49503c6d80c9fc6b57207c0036db,0,0.669506,0.372712,0.0136412,0.0262099
clip_two_mp4-0068_jpg.rf.06766122631722a44b936a5fade61b83,0,0.668947,0.370755,0.0147377,0.0294174
clip_two_mp4-0070_jpg.rf.8a5118905b842baf58ac94a52879867a,0,0.670046,0.338041,0.0134865,0.0266018
clip_two_mp4-0074_jpg.rf.e71960c73d78eaa51973b892fb6172b6,0,0.672802,0.292585,0.0125244,0.0245266
clip_two_mp4-0075_jpg.rf.5578ebf10ef816fff32eb6afa531984f,0,0.673594,0.282683,0.0120476,0.0231123
clip_two_mp4-0077_jpg.rf.194bd67f715913af5a6b035b7eedda0c,0,0.677148,0.248661,0.0135091,0.0276322
clip_two_mp4-0078_jpg.rf.3c277b52a6c41038f9c5c93d0d7ebc1c,0,0.677835,0.235664,0.013228,0.0283781
clip_two_mp4-0080_jpg.rf.2914a7443d536f46d54350e24daaefd6,0,0.679069,0.225191,0.0127357,0.0269815
clip_two_mp4-0081_jpg.rf.b96f46371a4d3af7549fd7e21fdfe8c1,0,0.680307,0.212494,0.0125201,0.0271036
clip_two_mp4-0084_jpg.rf.49487fbb870e8af2ac92c49de30133ba,0,0.683091,0.177814,0.0131578,0.0271389
clip_two_mp4-0086_jpg.rf.6683fab1c4f219abce86f92e3d535c18,0,0.684157,0.167726,0.0131763,0.0258224
clip_two_mp4-0088_jpg.rf.c62dfa663db2e03fe04fc90b19641c99,0,0.685966,0.148033,0.0130317,0.0260838
clip_two_mp4-0090_jpg.rf.d9e1bbe83bbcbf98cbfa77953bd97b3b,0,0.688182,0.130528,0.0137194,0.0253375
clip_two_mp4-0092_jpg.rf.4428978543cba51cfc9b6f15914921b4,0,0.689561,0.122754,0.0133881,0.0272221
clip_two_mp4-0093_jpg.rf.a7cebff7b1eaf74d740a6286cee74b5c,0,0.691027,0.116416,0.0134279,0.027008
clip_two_mp4-0094_jpg.rf.4ad44869346ebbdbe7fce4fdedbe7b49,0,0.691826,0.110237,0.013697,0.0270261
clip_two_mp4-0095_jpg.rf.9dcfa940d3e78653fbcb4bc4c4db4a8f,0,0.692803,0.103708,0.0130295,0.0270307
clip_two_mp4-0096_jpg.rf.3b36c20f07f75fdf209571c1047730e9,0,0.693578,0.0972557,0.0139206,0.0281054
clip_two_mp4-0098_jpg.rf.687bb561738ad0f5f5840fdd05cb4a45,0,0.694316,0.0902604,0.0129847,0.0271701
clip_two_mp4-0099_jpg.rf.dfb4685c6dda521490d9383370770d4f,0,0.69581,0.0857481,0.0143898,0.0289975
clip_two_mp4-0100_jpg.rf.06910e2e8707d5e26043f078442fa2ca,0,0.696857,0.0805453,0.0135989,0.0261498
clip_two_mp4-0102_jpg.rf.3caa3c95e3840eb0eda428e7798ef74c,0,0.69895,0.0736982,0.0136524,0.0285726
clip_two_mp4-0104_jpg.rf.8805c1cd052c888c6bd3b7ec08bc6c01,0,0.699843,0.0697703,0.0139124,0.0264688
clip_two_mp4-0105_jpg.rf.26914da81480d4a10ad201a9dad0c841,0,0.700256,0.0653638,0.0138518,0.0261074
clip_two_mp4-0106_jpg.rf.f94d5bc181bb3116856fd7fe880c1b40,0,0.701535,0.0628018,0.0133732,0.0274681
clip_two_mp4-0107_jpg.rf.ac389a7901b075c47b42fb811ae894ca,0,0.703189,0.0594497,0.0133537,0.0257366
clip_two_mp4-0109_jpg.rf.a86c2c99f118d19e71318e658384a926,0,0.703898,0.058854,0.0136921,0.0262657
clip_two_mp4-0110_jpg.rf.3a416048e50c29e03f636051842f4d63,0,0.704341,0.0567839,0.0136604,0.0262372
clip_two_mp4-0111_jpg.rf.dcc0cc2fe1f4761cc55d2481b427f90e,0,0.704743,0.0559152,0.0135275,0.0255291
clip_two_mp4-0112_jpg.rf.4e4bea45647db3ba6a0d5e4318dbf6f8,0,0.706009,0.0562903,0.0128326,0.0248942
clip_two_mp4-0113_jpg.rf.dbb9691a14e8fe7b147ee79024ebd029,0,0.706526,0.0561639,0.0131203,0.0255138
clip_two_mp4-0114_jpg.rf.4ebc726ab0e2dff981d049dc5dff609f,0,0.707384,0.0564452,0.0133852,0.0255708
clip_two_mp4-0116_jpg.rf.d239e24538830360bbe77a155ad0ec6c,0,0.708284,0.0571994,0.0132767,0.0255549
clip_two_mp4-0117_jpg.rf.fdf469842c73dcb79bda93c1b3dc1a25,0,0.709727,0.0590465,0.0129575,0.0252905
clip_two_mp4-0118_jpg.rf.7fc0bb45f3baa36faaccd6b608663cf1,0,0.710313,0.0614112,0.0127939,0.0253699
clip_two_mp4-0119_jpg.rf.5776747f81a944175a33d36228bad8ad,0,0.710851,0.0629982,0.013106,0.0257861
clip_two_mp4-0120_jpg.rf.a1920038ea97cbdc9ab68c62cb0b7c37,0,0.711647,0.0666897,0.013801,0.0268782
clip_two_mp4-0122_jpg.rf.64919cc13214fa77faa1e85c8efd510c,0,0.713435,0.0728068,0.0125536,0.0235675
clip_two_mp4-0124_jpg.rf.c06b0a4b2d0c46d20b30c7258a9731f0,0,0.713902,0.075396,0.0124836,0.0242785
clip_two_mp4-0127_jpg.rf.db021811d0dab9ab5c60cccbe4940715,0,0.714558,0.0834587,0.0116625,0.0226235
clip_two_mp4-0128_jpg.rf.d2da939f423ea361fffb82f0448ed222,0,0.714747,0.0875861,0.0112448,0.0223464
clip_two_mp4-0129_jpg.rf.9fefdb16024174dfc15ddff6a2dacdaa,0,0.715388,0.0938195,0.0117769,0.0227603
clip_two_mp4-0131_jpg.rf.eaed9b670c21902d9879d933b9f39785,0,0.718146,0.10669,0.0121971,0.0238053
clip_two_mp4-0133_jpg.rf.c0007c06a1a2077c20740ae4854d1c29,0,0.718957,0.114611,0.0131653,0.0275206
clip_two_mp4-0134_jpg.rf.a842f94e6cc9cc39ae9f252fca545edb,0,0.719188,0.120815,0.0133398,0.0259435
clip_two_mp4-0136_jpg.rf.75db23d8f8a1074d088eef1635e6a90c,0,0.719615,0.135558,0.0141356,0.0277818
clip_two_mp4-0137_jpg.rf.6c05caa7c6cfcf4e6db069bb28c00d3b,0,0.720854,0.143985,0.013092,0.0256538
clip_two_mp4-0138_jpg.rf.a59a27b4de293ab7cced173f3debf702,0,0.721182,0.151708,0.0125593,0.0261621
clip_two_mp4-0141_jpg.rf.a26a71d80f82de815c244feaf578d684,0,0.722159,0.169944,0.0131227,0.0253899
clip_two_mp4-0142_jpg.rf.3bd69593c0ba366843409ed8dc87e8e8,0,0.722749,0.180446,0.012182,0.0239272
clip_two_mp4-0143_jpg.rf.c5d4c66539fbfa95bb3d48f2230ab70d,0,0.723822,0.189858,0.0133093,0.0261465
clip_two_mp4-0144_jpg.rf.154ce7532ad01b2dca64250626dca643,0,0.724025,0.199545,0.0127003,0.0248319
clip_two_mp4-0146_jpg.rf.d6127b2edae9cff55355a20b1f03667f,0,0.724211,0.208821,0.0126858,0.0246358
clip_two_mp4-0148_jpg.rf.fad14dc7f9f4c80f54d4207ea8d04119,0,0.724375,0.230696,0.0128201,0.0241911
clip_two_mp4-0149_jpg.rf.d92a9bbdab7ca6f5eef5832be5f94b89,0,0.725648,0.242125,0.0141016,0.026359
clip_two_mp4-0150_jpg.rf.6a241717c9634b234784500424740e78,0,0.725974,0.254228,0.0142404,0.0272161
clip_two_mp4-0153_jpg.rf.80d8fd58e8845e3e759f97fd53f5ca3f,0,0.72711,0.278675,0.0149686,0.0306185
clip_two_mp4-0154_jpg.rf.ce775c58baf413158c8215aa49f666b6,0,0.727722,0.291333,0.0148382,0.0297621
clip_two_mp4-0155_jpg.rf.72610e8a5ea489d99bafc6417b64cd10,0,0.727912,0.304748,0.0135561,0.0269886
clip_two_mp4-0156_jpg.rf.9014930fcebc5df556cffbadfcb461d9,0,0.72797,0.319269,0.0136512,0.0248762
clip_two_mp4-0158_jpg.rf.e77cc44c97ab88084ab1547ee4614f08,0,0.727517,0.321839,0.0124462,0.0226961
clip_two_mp4-0160_jpg.rf.59a02933429f4a68184dc738f9f7fc4a,0,0.728138,0.311791,0.0132278,0.0258894
clip_two_mp4-0161_jpg.rf.c80723e3e7972d4ed874ced8805b4202,0,0.728494,0.301129,0.0127516,0.0262996
clip_two_mp4-0162_jpg.rf.c3be20428c1977ffa85bde1f6d8c14f9,0,0.729073,0.292133,0.0128511,0.0260568
clip_two_mp4-0164_jpg.rf.64c45c5a9b3e5e8c8f77213f6f9d7618,0,0.728846,0.28335,0.013061,0.024815
clip_two_mp4-0165_jpg.rf.aa4b58930cd5c9b0f1f8280ec8fc3ea7,0,0.728903,0.27517,0.0126837,0.0264127
clip_two_mp4-0166_jpg.rf.fa187744730452c438fda8d01dde8fd1,0,0.729031,0.26706,0.0118328,0.0249907
clip_two_mp4-0167_jpg.rf.a83d08598ad86367529bf9f84e6ce029,0,0.72835,0.259923,0.0125502,0.0242118
clip_two_mp4-0168_jpg.rf.dc802a05ae88436aefca539ce93ceef3,0,0.728956,0.252954,0.0132149,0.0273429
clip_two_mp4-0170_jpg.rf.146eeddd16b3b059f8ddf91b3a3fa57c,0,0.729052,0.246365,0.0133566,0.0258699
clip_two_mp4-0171_jpg.rf.c5ac96ac5393e9cdf615f747e98a3667,0,0.729041,0.23941,0.0119756,0.0242642
clip_two_mp4-0172_jpg.rf.93d413b9a0193ec0121bf6b535edbfb0,0,0.728881,0.23357,0.0122957,0.0238232
clip_two_mp4-0174_jpg.rf.4be24c68cc2e71490012f196691f0ec8,0,0.729231,0.224645,0.0129002,0.0261621
clip_two_mp4-0176_jpg.rf.31473771187c18ffafb9359165f7cd3a,0,0.72793,0.21966,0.0135613,0.026715
clip_two_mp4-0177_jpg.rf.c35af2428c7c96034cc2aa89b98dd44f,0,0.727165,0.214321,0.0127756,0.0263582
clip_two_mp4-0178_jpg.rf.1e44098bc0c53b084278adce845b006e,0,0.726693,0.21087,0.0129514,0.0265908
clip_two_mp4-0179_jpg.rf.87c4185a9acc11a03c7bd7a9b6e086c2,0,0.725835,0.20687,0.0132845,0.025256
clip_two_mp4-0182_jpg.rf.895b2890f18a45502b516eba33de1ca6,0,0.72568,0.201761,0.0130046,0.0248426
clip_two_mp4-0184_jpg.rf.d304de15e6fb12b21a0aa820df042eeb,0,0.724154,0.19775,0.0124989,0.0238845
clip_two_mp4-0185_jpg.rf.0a57fbe4f8026b499a58ae100b45aed3,0,0.723873,0.196383,0.0122068,0.0233578
clip_two_mp4-0188_jpg.rf.311c0173e39a44f247b576babadfa219,0,0.723334,0.194217,0.012673,0.0246293
clip_two_mp4-0189_jpg.rf.476efdd40b2f399d612f4e569b6e3b46,0,0.723257,0.193883,0.0120773,0.0234652
clip_two_mp4-0190_jpg.rf.64607dc621341d17456899ceaa2153b9,0,0.72308,0.193446,0.0119364,0.0233123
clip_two_mp4-0191_jpg.rf.dbacf91777177f958fe7a7211d36d1b9,0,0.722468,0.19386,0.0121794,0.0238067
clip_two_mp4-0192_jpg.rf.5cffa6bcf5ed61c879c2c1530b3cb59c,0,0.721562,0.194677,0.0121256,0.0235698
clip_two_mp4-0194_jpg.rf.01cf3812aa61003052fc8b71dc1c1ab6,0,0.720811,0.195178,0.0118332,0.0230534
clip_two_mp4-0197_jpg.rf.a7dd459f8839ae9d996edda5a450b6de,0,0.720206,0.200109,0.0117884,0.0237634
clip_two_mp4-0198_jpg.rf.7eba26fdbff59c258be005b712e70967,0,0.719996,0.204295,0.0119255,0.0241263
clip_two_mp4-0200_jpg.rf.618008e9bd800fe3d87e3040bed95275,0,0.719142,0.207116,0.0122575,0.0241473
clip_two_mp4-0201_jpg.rf.4c319d577faa3ff712a18666ff8e0e16,0,0.719031,0.210639,0.0131495,0.0254151
clip_two_mp4-0202_jpg.rf.8bd799bbd4efaed480780603de006b29,0,0.71893,0.215976,0.0134706,0.0290031
clip_two_mp4-0203_jpg.rf.a707f4499b0234192032c8ccc7f80f5f,0,0.718563,0.221034,0.0139172,0.0277999
clip_two_mp4-0204_jpg.rf.d31a1b69bd84a15018d19742d87d9fda,0,0.718075,0.227201,0.0130978,0.0272078
clip_two_mp4-0206_jpg.rf.6d4110611159d863a31e2bf40cc062b3,0,0.717718,0.232208,0.0135498,0.027062
clip_two_mp4-0207_jpg.rf.8f823ef950730816e61e0e79a16d6e12,0,0.718003,0.237879,0.0128521,0.0270427
clip_two_mp4-0208_jpg.rf.1660c1282e1fe29647204ee6e7e1fb10,0,0.717793,0.24513,0.0147182,0.0296487
clip_two_mp4-0209_jpg.rf.6f15d1bbe2ff7d9c1a4a6476a2b7e031,0,0.718273,0.252236,0.0125759,0.0271438
clip_two_mp4-0210_jpg.rf.d94fd23b58a4de6c68a24716a3765312,0,0.717927,0.261429,0.0143598,0.0275193
clip_two_mp4-0212_jpg.rf.aea04f065976b0c5afcd8358cf73c14a,0,0.717788,0.26661,0.0129158,0.0271644
clip_two_mp4-0213_jpg.rf.9bb7b022f8fa9b5fd677d2dab109d86e,0,0.717388,0.276217,0.0127795,0.0275206
